{"mean":{"confidence_interval":{"confidence_level":0.95,"lower_bound":5701649.628,"upper_bound":5718736.815374998},"point_estimate":5709997.002999999,"standard_error":4364.480995105978},"median":{"confidence_interval":{"confidence_level":0.95,"lower_bound":5696300.1,"upper_bound":5709833.4},"point_estimate":5700516.7,"standard_error":3308.7844537266446},"median_abs_dev":{"confidence_interval":{"confidence_level":0.95,"lower_bound":38448.85815739549,"upper_bound":64913.26768755899},"point_estimate":48579.76029753699,"standard_error":6540.823178676408},"slope":null,"std_dev":{"confidence_interval":{"confidence_level":0.95,"lower_bound":52342.10786275633,"upper_bound":71556.56123813703},"point_estimate":61847.022449693235,"standard_error":4914.717116003424}}