{"mean":{"confidence_interval":{"confidence_level":0.95,"lower_bound":0.6083919947377373,"upper_bound":0.6099625332365423},"point_estimate":0.6091813914547385,"standard_error":0.00039954033346805773},"median":{"confidence_interval":{"confidence_level":0.95,"lower_bound":0.6082157834431559,"upper_bound":0.6096096400059088},"point_estimate":0.6087957760623823,"standard_error":0.00037886744353052114},"median_abs_dev":{"confidence_interval":{"confidence_level":0.95,"lower_bound":0.003636902811640784,"upper_bound":0.005245317228104004},"point_estimate":0.004122279042674066,"standard_error":0.0004256048610525426},"slope":{"confidence_interval":{"confidence_level":0.95,"lower_bound":0.6074614440669547,"upper_bound":0.6095537358534256},"point_estimate":0.6085028498412923,"standard_error":0.0005341118184023497},"std_dev":{"confidence_interval":{"confidence_level":0.95,"lower_bound":0.00496709760470626,"upper_bound":0.006293807880470164},"point_estimate":0.005650312816522618,"standard_error":0.00033848575982580717}}