{"mean":{"confidence_interval":{"confidence_level":0.95,"lower_bound":2.4349995064016823,"upper_bound":2.438342415617797},"point_estimate":2.436598761517078,"standard_error":0.0008539199426307328},"median":{"confidence_interval":{"confidence_level":0.95,"lower_bound":2.432533945893098,"upper_bound":2.4348455246274145},"point_estimate":2.4337572939832786,"standard_error":0.0005656413629301208},"median_abs_dev":{"confidence_interval":{"confidence_level":0.95,"lower_bound":0.005545395957381006,"upper_bound":0.008433285377579076},"point_estimate":0.006770704915897641,"standard_error":0.0007513834921563986},"slope":{"confidence_interval":{"confidence_level":0.95,"lower_bound":2.4331842529608534,"upper_bound":2.4376167247537848},"point_estimate":2.4352470500705823,"standard_error":0.001134612037230964},"std_dev":{"confidence_interval":{"confidence_level":0.95,"lower_bound":0.009331743006299803,"upper_bound":0.014548139554088705},"point_estimate":0.012065768194506398,"standard_error":0.0013298160367449304}}