{"mean":{"confidence_interval":{"confidence_level":0.95,"lower_bound":586207.1852877906,"upper_bound":588128.8215930236},"point_estimate":587176.0756976743,"standard_error":491.4210176392962},"median":{"confidence_interval":{"confidence_level":0.95,"lower_bound":586030.5116279069,"upper_bound":588515.5},"point_estimate":587006.7906976744,"standard_error":595.2042471780114},"median_abs_dev":{"confidence_interval":{"confidence_level":0.95,"lower_bound":5771.67549985792,"upper_bound":8231.170939914075},"point_estimate":7162.302556564638,"standard_error":633.7891035504307},"slope":null,"std_dev":{"confidence_interval":{"confidence_level":0.95,"lower_bound":6290.292296384899,"upper_bound":7627.991334457509},"point_estimate":6981.841135188582,"standard_error":341.29403444707384}}