{"mean":{"confidence_interval":{"confidence_level":0.95,"lower_bound":143.09076024083961,"upper_bound":143.54249725554644},"point_estimate":143.29089542511417,"standard_error":0.1156606409070106},"median":{"confidence_interval":{"confidence_level":0.95,"lower_bound":142.85884422872743,"upper_bound":142.89338538827013},"point_estimate":142.87476984024926,"standard_error":0.008676756315415987},"median_abs_dev":{"confidence_interval":{"confidence_level":0.95,"lower_bound":0.08937032420049328,"upper_bound":0.1510765775944362},"point_estimate":0.11928805377609962,"standard_error":0.01601894401642987},"slope":{"confidence_interval":{"confidence_level":0.95,"lower_bound":143.02063177413035,"upper_bound":143.42258505713016},"point_estimate":143.2007469152402,"standard_error":0.10289841662222309},"std_dev":{"confidence_interval":{"confidence_level":0.95,"lower_bound":0.7322251275892722,"upper_bound":2.375044615392902},"point_estimate":1.6394793460499466,"standard_error":0.41519843288249403}}