{"mean":{"confidence_interval":{"confidence_level":0.95,"lower_bound":557733.6392093026,"upper_bound":566534.0669825586},"point_estimate":562107.3106976744,"standard_error":2249.7144329462612},"median":{"confidence_interval":{"confidence_level":0.95,"lower_bound":549522.7674418604,"upper_bound":557893.8953488371},"point_estimate":553981.5930232558,"standard_error":2414.0488135513087},"median_abs_dev":{"confidence_interval":{"confidence_level":0.95,"lower_bound":21626.99612767194,"upper_bound":39038.908811571935},"point_estimate":31465.753666952594,"standard_error":4720.652842722917},"slope":null,"std_dev":{"confidence_interval":{"confidence_level":0.95,"lower_bound":29317.04791521194,"upper_bound":34569.44020651345},"point_estimate":32065.430991733087,"standard_error":1342.0622766463337}}