{"mean":{"confidence_interval":{"confidence_level":0.95,"lower_bound":6552688.8175,"upper_bound":6571003.9938125005},"point_estimate":6561756.3725,"standard_error":4670.250962079335},"median":{"confidence_interval":{"confidence_level":0.95,"lower_bound":6543093.75,"upper_bound":6567682.125},"point_estimate":6555135.5,"standard_error":7299.002763113016},"median_abs_dev":{"confidence_interval":{"confidence_level":0.95,"lower_bound":58084.004493802786,"upper_bound":82832.86516254763},"point_estimate":72021.74152135849,"standard_error":6491.994407580097},"slope":null,"std_dev":{"confidence_interval":{"confidence_level":0.95,"lower_bound":60408.46457156617,"upper_bound":70869.37760443361},"point_estimate":65877.09295653453,"standard_error":2662.274710797397}}