{"mean":{"confidence_interval":{"confidence_level":0.95,"lower_bound":1627885.400875,"upper_bound":1631656.140203125},"point_estimate":1629754.6084375,"standard_error":962.7517103609172},"median":{"confidence_interval":{"confidence_level":0.95,"lower_bound":1627626.3125,"upper_bound":1632247.375},"point_estimate":1629393.21875,"standard_error":1274.7756273204948},"median_abs_dev":{"confidence_interval":{"confidence_level":0.95,"lower_bound":10945.663797394376,"upper_bound":15451.471600681543},"point_estimate":12808.690816350281,"standard_error":1111.8815723296927},"slope":null,"std_dev":{"confidence_interval":{"confidence_level":0.95,"lower_bound":12106.270974631223,"upper_bound":15147.719876660207},"point_estimate":13653.718883782258,"standard_error":777.9953727194481}}