{"mean":{"confidence_interval":{"confidence_level":0.95,"lower_bound":594350.2314970241,"upper_bound":595579.2657291667},"point_estimate":594952.2030952382,"standard_error":314.51782900760037},"median":{"confidence_interval":{"confidence_level":0.95,"lower_bound":593202.369047619,"upper_bound":594389.880952381},"point_estimate":594057.0476190476,"standard_error":283.4342119677579},"median_abs_dev":{"confidence_interval":{"confidence_level":0.95,"lower_bound":2746.7812012348118,"upper_bound":4263.957524299537},"point_estimate":3436.596138988288,"standard_error":357.29310818770506},"slope":null,"std_dev":{"confidence_interval":{"confidence_level":0.95,"lower_bound":3908.6580675816444,"upper_bound":4908.7034807476675},"point_estimate":4435.121788993086,"standard_error":255.4455663863087}}