{"mean":{"confidence_interval":{"confidence_level":0.95,"lower_bound":106474.02209472864,"upper_bound":107824.75542239423},"point_estimate":107089.88553400982,"standard_error":347.6615581759333},"median":{"confidence_interval":{"confidence_level":0.95,"lower_bound":105657.28647620174,"upper_bound":105774.48100911785},"point_estimate":105701.92292072775,"standard_error":30.834050252307783},"median_abs_dev":{"confidence_interval":{"confidence_level":0.95,"lower_bound":240.947727905726,"upper_bound":392.10971977205025},"point_estimate":290.81670458109375,"standard_error":41.41521927547306},"slope":{"confidence_interval":{"confidence_level":0.95,"lower_bound":106020.07770597465,"upper_bound":106762.57221319717},"point_estimate":106361.51332936317,"standard_error":190.4852046615808},"std_dev":{"confidence_interval":{"confidence_level":0.95,"lower_bound":2726.022611541093,"upper_bound":6720.361447006082},"point_estimate":4927.295116968166,"standard_error":1016.2098581068033}}