{"mean":{"confidence_interval":{"confidence_level":0.95,"lower_bound":837912.5818541662,"upper_bound":841236.9177333334},"point_estimate":839564.0351666666,"standard_error":848.1818182733484},"median":{"confidence_interval":{"confidence_level":0.95,"lower_bound":837338.9,"upper_bound":840102.7833333333},"point_estimate":839268.05,"standard_error":754.0089861836556},"median_abs_dev":{"confidence_interval":{"confidence_level":0.95,"lower_bound":8289.191742837518,"upper_bound":12100.684465169976},"point_estimate":10031.222001910135,"standard_error":943.3619927625904},"slope":null,"std_dev":{"confidence_interval":{"confidence_level":0.95,"lower_bound":10746.078161095467,"upper_bound":13329.391939202662},"point_estimate":12064.90592353935,"standard_error":659.7401390256342}}