{"mean":{"confidence_interval":{"confidence_level":0.95,"lower_bound":6153205.167000004,"upper_bound":6209315.99815},"point_estimate":6180322.868000001,"standard_error":14319.23966648419},"median":{"confidence_interval":{"confidence_level":0.95,"lower_bound":6142683.2,"upper_bound":6179554.2},"point_estimate":6166391.7,"standard_error":9827.846842112458},"median_abs_dev":{"confidence_interval":{"confidence_level":0.95,"lower_bound":113560.93106389018,"upper_bound":156773.09382972223},"point_estimate":135169.9739402538,"standard_error":10718.46485520412},"slope":null,"std_dev":{"confidence_interval":{"confidence_level":0.95,"lower_bound":157068.0834822684,"upper_bound":244314.13824981602},"point_estimate":202078.8818795766,"standard_error":22385.99510735164}}