{"mean":{"confidence_interval":{"confidence_level":0.95,"lower_bound":651.9757925867576,"upper_bound":652.8518137518612},"point_estimate":652.3899013107765,"standard_error":0.22317971099121472},"median":{"confidence_interval":{"confidence_level":0.95,"lower_bound":651.4519469312911,"upper_bound":651.5478065241845},"point_estimate":651.4970280741934,"standard_error":0.02684078829253375},"median_abs_dev":{"confidence_interval":{"confidence_level":0.95,"lower_bound":0.3298322345629431,"upper_bound":0.4887611280015667},"point_estimate":0.4004545413759964,"standard_error":0.04008074178118158},"slope":{"confidence_interval":{"confidence_level":0.95,"lower_bound":651.5938007095997,"upper_bound":652.5008965336056},"point_estimate":652.0126063372145,"standard_error":0.23196392948035494},"std_dev":{"confidence_interval":{"confidence_level":0.95,"lower_bound":2.420264609888632,"upper_bound":3.8002375665656944},"point_estimate":3.1640672382130717,"standard_error":0.3528443720398166}}