{"mean":{"confidence_interval":{"confidence_level":0.95,"lower_bound":1740145.1856999996,"upper_bound":1750820.8269833326},"point_estimate":1745061.9563333336,"standard_error":2720.2873063899024},"median":{"confidence_interval":{"confidence_level":0.95,"lower_bound":1734861.1333333333,"upper_bound":1739472.2},"point_estimate":1737644.4333333333,"standard_error":1084.540781991225},"median_abs_dev":{"confidence_interval":{"confidence_level":0.95,"lower_bound":13252.76348471646,"upper_bound":18783.75094652177},"point_estimate":16526.88784658901,"standard_error":1350.6600825873934},"slope":null,"std_dev":{"confidence_interval":{"confidence_level":0.95,"lower_bound":24153.376279507494,"upper_bound":50701.02014872647},"point_estimate":38551.74249638483,"standard_error":6703.853874314212}}