{"mean":{"confidence_interval":{"confidence_level":0.95,"lower_bound":2243259.7859583325,"upper_bound":2246286.1404999983},"point_estimate":2244739.0066666673,"standard_error":773.789318664815},"median":{"confidence_interval":{"confidence_level":0.95,"lower_bound":2241798.5833333335,"upper_bound":2244885.4166666665},"point_estimate":2243675.333333333,"standard_error":706.1991788050573},"median_abs_dev":{"confidence_interval":{"confidence_level":0.95,"lower_bound":7340.784894675257,"upper_bound":9757.79350176466},"point_estimate":8573.87564778328,"standard_error":614.3013258467192},"slope":null,"std_dev":{"confidence_interval":{"confidence_level":0.95,"lower_bound":8995.898926278203,"upper_bound":12787.169479063343},"point_estimate":10955.205735390311,"standard_error":970.0416902082918}}