{"mean":{"confidence_interval":{"confidence_level":0.95,"lower_bound":56808.409063625084,"upper_bound":56885.6348951756},"point_estimate":56845.965716356535,"standard_error":19.774093510768655},"median":{"confidence_interval":{"confidence_level":0.95,"lower_bound":56777.522935779816,"upper_bound":56832.03793103448},"point_estimate":56804.19942327177,"standard_error":12.054449012945696},"median_abs_dev":{"confidence_interval":{"confidence_level":0.95,"lower_bound":134.20408069432935,"upper_bound":179.17407954813487},"point_estimate":157.5377471458732,"standard_error":11.258045124299027},"slope":{"confidence_interval":{"confidence_level":0.95,"lower_bound":56814.712542066816,"upper_bound":56894.23287632706},"point_estimate":56853.115613205795,"standard_error":20.318594265760673},"std_dev":{"confidence_interval":{"confidence_level":0.95,"lower_bound":225.18826088437942,"upper_bound":333.7428661280739},"point_estimate":280.6257667909156,"standard_error":27.72204437588079}}