{"mean":{"confidence_interval":{"confidence_level":0.95,"lower_bound":544756.0095652177,"upper_bound":548307.1377173915},"point_estimate":546447.0157608695,"standard_error":906.2870127920196},"median":{"confidence_interval":{"confidence_level":0.95,"lower_bound":537727.3478260869,"upper_bound":551646.7391304348},"point_estimate":539839.6739130435,"standard_error":3346.095078416962},"median_abs_dev":{"confidence_interval":{"confidence_level":0.95,"lower_bound":3816.615212676314,"upper_bound":14860.261091231996},"point_estimate":7772.901012003422,"standard_error":3487.930544168753},"slope":null,"std_dev":{"confidence_interval":{"confidence_level":0.95,"lower_bound":9871.870172569274,"upper_bound":16836.155370114535},"point_estimate":12850.572172661203,"standard_error":2038.195012804183}}