{"mean":{"confidence_interval":{"confidence_level":0.95,"lower_bound":8163.495963128792,"upper_bound":8176.448755304239},"point_estimate":8169.963232374838,"standard_error":3.285602929620828},"median":{"confidence_interval":{"confidence_level":0.95,"lower_bound":8159.102081517001,"upper_bound":8164.353977364015},"point_estimate":8161.669149401171,"standard_error":1.352282256126354},"median_abs_dev":{"confidence_interval":{"confidence_level":0.95,"lower_bound":7.70303680947983,"upper_bound":13.753077716132452},"point_estimate":10.207837771043982,"standard_error":1.5056427223747963},"slope":{"confidence_interval":{"confidence_level":0.95,"lower_bound":8157.31938800543,"upper_bound":8171.387608967424},"point_estimate":8164.057014841327,"standard_error":3.5924594569557615},"std_dev":{"confidence_interval":{"confidence_level":0.95,"lower_bound":36.63780226092049,"upper_bound":55.927343676535685},"point_estimate":46.43261965191077,"standard_error":4.92978759548966}}