{"mean":{"confidence_interval":{"confidence_level":0.95,"lower_bound":0.7767846609729793,"upper_bound":0.7783444128617462},"point_estimate":0.7775374961858071,"standard_error":0.0003982682353487886},"median":{"confidence_interval":{"confidence_level":0.95,"lower_bound":0.7749408641205183,"upper_bound":0.7757497340812453},"point_estimate":0.7753210934820933,"standard_error":0.00018928348733914056},"median_abs_dev":{"confidence_interval":{"confidence_level":0.95,"lower_bound":0.0017442829811264485,"upper_bound":0.0028371286446112797},"point_estimate":0.002203455062179132,"standard_error":0.00027707956663794897},"slope":{"confidence_interval":{"confidence_level":0.95,"lower_bound":0.7752238595800135,"upper_bound":0.7763861384894659},"point_estimate":0.7757634471410739,"standard_error":0.00029733843554042064},"std_dev":{"confidence_interval":{"confidence_level":0.95,"lower_bound":0.0048025381175087435,"upper_bound":0.006439663551178343},"point_estimate":0.005644861955787783,"standard_error":0.0004178072345486574}}