{"mean":{"confidence_interval":{"confidence_level":0.95,"lower_bound":2.808991732218857,"upper_bound":2.81698518223919},"point_estimate":2.812869516628559,"standard_error":0.002051385208939993},"median":{"confidence_interval":{"confidence_level":0.95,"lower_bound":2.797945989609298,"upper_bound":2.803117726645069},"point_estimate":2.800548626858771,"standard_error":0.0014265101030507127},"median_abs_dev":{"confidence_interval":{"confidence_level":0.95,"lower_bound":0.007072124444625555,"upper_bound":0.013354544104953896},"point_estimate":0.00970928510282866,"standard_error":0.0016982142811689945},"slope":{"confidence_interval":{"confidence_level":0.95,"lower_bound":2.8001887348343484,"upper_bound":2.804417875117992},"point_estimate":2.8021336850516287,"standard_error":0.0010821212613695268},"std_dev":{"confidence_interval":{"confidence_level":0.95,"lower_bound":0.02461147583762639,"upper_bound":0.03354806697163071},"point_estimate":0.028974422021136606,"standard_error":0.002302691176446606}}