{"mean":{"confidence_interval":{"confidence_level":0.95,"lower_bound":7397415.1081875,"upper_bound":7475918.008125},"point_estimate":7435239.84625,"standard_error":19979.498459478287},"median":{"confidence_interval":{"confidence_level":0.95,"lower_bound":7371020.75,"upper_bound":7436645.75},"point_estimate":7404098.875,"standard_error":16047.664270230418},"median_abs_dev":{"confidence_interval":{"confidence_level":0.95,"lower_bound":148931.800480932,"upper_bound":207873.308367636},"point_estimate":179031.91579654813,"standard_error":15425.752842460879},"slope":null,"std_dev":{"confidence_interval":{"confidence_level":0.95,"lower_bound":214788.224435679,"upper_bound":344249.3805516081},"point_estimate":282284.93565874244,"standard_error":32922.43768864687}}