{"mean":{"confidence_interval":{"confidence_level":0.95,"lower_bound":7.411061748493996,"upper_bound":7.433849041576527},"point_estimate":7.4222077447904065,"standard_error":0.005802720642297555},"median":{"confidence_interval":{"confidence_level":0.95,"lower_bound":7.395314246353529,"upper_bound":7.406536940927999},"point_estimate":7.3997337925040085,"standard_error":0.0026109627758158426},"median_abs_dev":{"confidence_interval":{"confidence_level":0.95,"lower_bound":0.023958695188840237,"upper_bound":0.038952048758792726},"point_estimate":0.03245438455843126,"standard_error":0.0037576972419183746},"slope":{"confidence_interval":{"confidence_level":0.95,"lower_bound":7.413323078371038,"upper_bound":7.436760027143369},"point_estimate":7.424645181423517,"standard_error":0.005984430621867819},"std_dev":{"confidence_interval":{"confidence_level":0.95,"lower_bound":0.06613039375548098,"upper_bound":0.09723683445721212},"point_estimate":0.08203046074972523,"standard_error":0.007935924661416809}}