{"mean":{"confidence_interval":{"confidence_level":0.95,"lower_bound":2.8042628347276106,"upper_bound":2.8114936750592783},"point_estimate":2.8078111063049374,"standard_error":0.0018441854945962625},"median":{"confidence_interval":{"confidence_level":0.95,"lower_bound":2.7959627837352965,"upper_bound":2.797340524686124},"point_estimate":2.796721082955821,"standard_error":0.0003301876015506803},"median_abs_dev":{"confidence_interval":{"confidence_level":0.95,"lower_bound":0.004905879308931948,"upper_bound":0.009034211315892689},"point_estimate":0.00617814931394359,"standard_error":0.0010634134998247227},"slope":{"confidence_interval":{"confidence_level":0.95,"lower_bound":2.8002874980894865,"upper_bound":2.806503613811505},"point_estimate":2.803178408563143,"standard_error":0.001582053526068464},"std_dev":{"confidence_interval":{"confidence_level":0.95,"lower_bound":0.022872666696231354,"upper_bound":0.029038891907127024},"point_estimate":0.026209773034547728,"standard_error":0.001568979368524296}}